product_line_id,product_line_description
1,Innovative Electronics
2,Smart Home Solutions
3,Health & Wellness Products
4,Sustainable Fashion
5,Premium Food & Beverages
6,Automotive Accessories
7,Advanced Medical Devices
8,Renewable Energy Solutions
9,High-Performance Computing
10,Luxury Goods
11,Travel & Leisure Products
12,Home Improvement Tools
13,Pet Care Products
14,Digital Marketing Services
15,Artificial Intelligence Solutions
16,Cloud Computing Services
17,Eco-Friendly Packaging
18,Educational Toys
19,Virtual Reality Experiences
20,Smartphone Accessories
21,Fitness Equipment
22,Self-Care Products
23,Cleaning Supplies
24,Outdoor Adventure Gear
25,Business Consulting Services
26,Cybersecurity Solutions
27,Financial Services
28,Data Analytics Platforms
29,Home Robotics
30,Personal Finance Apps
31,Apparel for All Ages
32,Home Decor & Furnishings
33,Wireless Charging Devices
34,Innovative Kitchen Appliances
35,Digital Content & Media
36,Virtual Health Services
37,Transportation Solutions
38,Networking Equipment
39,Subscription Services
40,Drones & Aerial Solutions
41,Art & Craft Supplies
42,Higher Education Programs
43,Affordable Housing Developments
44,Mobile Payment Solutions
45,Telecommunication Services
46,Advanced Manufacturing Tools
47,Smart Agriculture Technology
48,Personal Security Products
49,Event Planning Services
50,Luxury Travel Experiences
51,Tech Support Services
52,Online Learning Platforms
53,Beauty & Personal Care
54,Childrenâ€™s Apparel
55,Outdoor Furniture
56,Smart Watches
57,Industrial Equipment
58,Social Media Solutions
59,Robotic Process Automation
60,Insurtech Solutions
61,Hobby & Craft Kits
62,Organic Gardening Supplies
63,Home Security Systems
64,Digital Media Content
65,Quality Assurance Services
66,High-End Home Appliances
67,Personal Development Journals
68,Blended Learning Solutions
69,Telehealth Platforms
70,All-Terrain Vehicles
71,Community Development Projects
72,Creative Writing Tools
73,Sports Memorabilia
74,Photography Equipment
75,Multi-Cuisine Cookware
76,Clean Technology Innovations
77,Smart Transportation Services
78,Home Office Furniture
79,Camping Gear
80,Cloud Storage Solutions
81,Elderly Care Products
82,Novelty Gifts
83,Travel Accessories
84,Online Grocery Services
85,Household Electronics
86,Pet Supplies
87,Culinary Experiences
88,Public Relations Services
89,Diversity & Inclusion Training
90,Artisan Handicrafts
91,Charitable Solutions
92,Specialty Beverages
93,3D Printing Services
94,Outdoor Apparel
95,Plant-Based Foods
96,Tech Innovation Grants
97,Digital Currency Solutions
98,Streaming Entertainment Services
99,Home Maintenance Services
100,Vehicle Maintenance Solutions